id;nickname;mpic;openid;created_time;updated_time
1;dot-com asymmetric Frozen;yellow;Corporate Via California;2020-07-08T10:38:01;2020-07-09T01:09:28
2;internet solution Open-source;reboot bandwidth-monitored;Crossroad Concrete;2020-07-09T04:33:36;2020-07-08T07:54:40
3;back up Avon;Kentucky;facilitate experiences;2020-07-08T19:38:49;2020-07-09T02:57:50
4;Steel;Ergonomic Rubber Sausages user-facing;Wooden Checking Account Estate;2020-07-08T14:43:58;2020-07-08T15:02:27
5;Division;connecting withdrawal circuit;Camp;2020-07-08T19:10:40;2020-07-09T07:09:29
6;Tuna panel JBOD;withdrawal Brand;bleeding-edge Table Keyboard;2020-07-09T02:15:05;2020-07-08T08:50:29
7;Manager;Research;rich Lebanese Pound;2020-07-08T21:51:58;2020-07-08T10:39:46
8;withdrawal monitor;reboot Djibouti Franc;functionalities;2020-07-09T02:09:37;2020-07-09T04:59:59
9;Wyoming;Directives;backing up Utah magenta;2020-07-09T01:07:55;2020-07-08T17:50:08
10;Specialist Internal;Ohio;transmit;2020-07-08T23:09:33;2020-07-09T07:07:58
