id;name;pic_url_1;pic_url_2;pic_url_3;pic_url_4
1;parsing Advanced;Digitized Central African Republic alarm;Saudi Arabia;Ethiopian Birr Accountability Web;Computer Steel open system
2;sky blue Health input;Cambridgeshire calculating Avon;bus orchid circuit;proactive;application
3;Toys mobile Shoes;calculating Cotton;Zimbabwe Strategist 1080p;content Home Loan Account;PCI Tuna enhance
4;maroon;deposit Regional Communications;Intelligent Steel Soap;Handcrafted Concrete Shirt;hard drive Fantastic Cotton Towels
5;Cambridgeshire;SMS Fish Networked;invoice Bacon Beauty;Chips Money Market Account;Investment Account Optimization
6;Gorgeous Soft Bacon Shirt Sleek Soft Sausages;Dynamic encoding platforms;Representative Idaho Sri Lanka Rupee;iterate JSON;Assimilated Serbian Dinar
7;intangible Denar;leading-edge Tasty Wooden Chicken;synergize Palau port;Compatible Auto Loan Account 4th generation;Technician Indiana North Dakota
8;Manager Branding open-source;Manager;enable Trinidad and Tobago Dollar Kazakhstan;Handcrafted e-enable Pizza;Games calculating Shoes
9;green indigo Managed;Georgia District;Wisconsin Data;synthesize portal;encompassing Rwanda Franc
10;Gorgeous core overriding;Associate;real-time Integration software;navigate;mission-critical Interactions programming
